file_path,file_name,text,llm_text
D:\pdf-text-extract\input\Drawing compressed.jpg,Drawing compressed.jpg,"1890 + APPROVED BYACE. I. G. N. P. BIKANER L. No . NIL DT. 21.3.08 & PIPE CAPS S.E. DESIGN. L. No. 893 DT. 23.3.98 22 T ++ + + T 1 + + 2628 200 --- 900 COVER PIPE SJC - r ISA.50 X50x6 60X45 - + + + + + + + + + + @5.8/M. = - 1250 CAPSTION POST >> WORM GEAR ARRAN :- 600 60 $ SCREWROD - - 100 - MENT . ISTC.125.50 1920 90 FLOOTING SHAFT 7.9KG /M *1 2166 x 77 == 450 == COUPLING -FLAT 50 X6 + - - -- 50 900 ==- 380 ,25 HANDLE BUTMENY ABUTMENT + T FP -- 650 810 GO O SCREW ROD + K -450 -1 125 CAPSTION 4794 47 94 + + + Bt = + POST. SA 65X 65 X 6 *450 300 + 1501 37. TH. WOODEN PLANK + 37 & SPACES @5.50 C/C=4400 20 SPACES @100 0/C = 2000 125 DETAIL OF OPERATING PLATE -FRRM. 170- 15JC = = == CISJC 100 X 45 - = = = - - = 125x50 = - - L TBL 188.584- + + + + + + ----- - -- Rt- 14 SPACES @ 100 €/c = 1400 1135#t .K 100 1 82.5 27.5 135 - - U|S ELEVATION OF SHUTTER (GATE ) 27.5 82-5 1 1000 - / 1 194 Bt = 1500 16 0 ANCHOR BOLT 450 LONG 16 ANCHOR BOLTS FIXED ATHIGHT AS SHOWN INDETAILS OF SIDESEALZTRACK ₭ 75 - #75 € 100 ** 100 - ELEVATION ELEVATION -1L >50 160 HOLE FOR ANCHOOR BOLT 25 28 The K- 8 TH . RACK PLATE . HASA 60 & SCREN ROD 200 170 25 O PIN [ C. G. OFGATE FROM U/S 15A 125X95X12 FACE. OF SKIN PLATE 300 15A.100x100x10. 15A.100×100× 10 - 25 OPIN. 4 (15JC125X50 (HORZONTAL) *75 + 1 25 - 15SC125X50 ( VER. ) C. CONC 100 + STIFFNER50X50X8 (ISA) ( SECTION AT X-X ) 4-100 - - S JC 125X50 F.S.L.187.822 ( SECTION AT Y X Y ) DETAILS OF SEAT OFSIDE SEAL @ 7.9 KG/M DETAILS OF TRACK 102 10 TH. SKIN PLATE 15 1 . 50% 50x6 FLOW 12TH. BASE PLATE + 24+ - 50 - 0 U/S TH, SEAL CLAMP 12 XT 12 SEAL BASE - 45 & RUBBERSEAL +27.5+27.5+ 8TH. S. STEEL PLATE 50 +50 ,- 100 62 15* -- 45- DIS 17 12 TO BOTTOM 100 106 127.5 - 27.5 45 RUBBER SEAL 450CLAMP . -.. . 2166 1 R- 75 BOOTOM F, 8 200 RUBBER SEAL 44 *50 BOTTOM ISA . 100 X100 x10 RUBBER SEAL CLAMP. SEAL CAMP B45 BASE STEEL PLATE SEE DETAILS""X"" NOTES :- 12TH. BOTTAMSEAL CLAMP 300 +125+$2 14 BOTTAM SEAL 125 1. THE DETAIL OF WORMARRANGMENT FOR HOSTING ARE **- 125 125 LL CHANNEL 125 X 50 @ 7 . 9KG /M. C .L. 185 . 956 ASPER WORK SHOP PRICTIC SUBJECTED TO APPROVAL 15JC 125×50 ISJC125X50@ 7.9KG. IM. OF S.E (M) + 25 2. ALL THE JOINTS SHOULD BE REVETED WELDED ASPER WIS PRACTICE (16 ) ANCHOR BOLY 205 4 3. ALL DIMENSIONS ARE IN M.M. OTHER WISE AS MENTIONED. 225 LONG ISÁ 75X75 ×8 300 . ANCHOR BOLT : 225 LONG 4 4. C. G. OF GATE IS TANTATIVE . 2.5 5. IT STAGE CONS. SHALLBE OF M-20 GRADE LAND WITHFULL 5500 PRECAUTION & SPACIFICATION SO THAT TO HAVE FULLEST 15 :15 13 IO TH. SKIN PLATE BOND WITH I-STAGE MASONARY/ CONC. 121 150 8 - 50 .50 17.5 50 % 3 MM. COMPRESSION 6. CODENO. 4622-1978 SHALL BE REFERED . SECTIONAL ELEVATION AT A-Á 205 1 SECTIONAL ELEVATION AT B- B 75X8.S. STEEL PLATE 7. GATE HAS BEEN DESIGNED FOR THEWATER PRESSURE 25+ ISA 100X 100X10 UP TO TOP 210. - CLEAR WATER WAY 1.5M 8 DIMENSIONS ARE TO BE READ NOTTO BE MEASURED 9. HOSTING CAPACITY OF GEAR IS 1.4 MT. SEE DETAILS OF GROOVE B E.E.D.II| DRG . / No . 181 GOVT. OF RAJASTHAN. D/S INDIRA GANDHI NAHAR PROJECT STIFFNER : ISA50 X50x6 . _ 170 GATE FOR HIR. OF LINK CHANNEL FOR 205 300 DRINKING WATER RESERVIORATKM. 11. 755 OF S.L.C. 10TH. SKIN PLATE GE . .. HOLE FOR OSPLIT PIN DESIGNED BY. SUBMITTED BY . 210 Bt = 1500 210 U/S ( SH. K. L. CHUG ) AEN . ( SH.M. P. JYANI.) AEN B C.CONC. M - 20 37 DRAWN BY . SUBMITTED BY . FLOW KEY PLAN OF GATE ( SHUTTER SIZE= 1890× 2166 8TH. STEEL PLATE. ·15+ 54 -110+ 21+ sd/- 12 TH, BASE PLATE SJC.125x50@7.9KG/ M, (SH. R. S, CHOUHAN ) JEN. (SH, M. K.GUPTA) E.E.D.II 15A 65X 65X6 8 TH. SEAL CLAMP 10 TH. SKIN PLATE 100 CHECKED BY . 12 TH, BOTTOM SEAL CLAMP DETAILS OF PIN. RECOMMENDED BY . 6 TH. STEEL PLATE 45 RUBBER SEAL (SH. M. P . JYANI ) AEN WELDED TO 1576 & 15A 37 TH. WOODEN PLANKS 8 TH, S. STEEL PLATE. 14TH. BOTTOM RUBBER SEAL TRACED BY . ( SH. N. K. JASRAI ) S. E. D. J. sal- ISJC.125x50@ 7.9KG/M. ISA.100x75x8 (SH. M. SINGH ) Jr. D/M. ACCEPTED BY . ISJC 100YAS@5.8 KG/M. WELDED TO ISJC. ISJC 125x50 @ 7, 9KG/M. WELDED 7 C. L . 185 . 956 6M. M. COMPRESSION COMPARED: BX (SH, P. D. MAHANANDANI ) sd1- TOMWASHER 16 & ANCHOR BOLT, 225 LONG S. E. S. & I, CIRCLE BYN -T .C .CONC. M . 20 : (160 ANCHORBOLT ( ANIL K. MITTAL) SYDIN. 225 LONG APPROVED BY. DETAILS AT D - D DETAILS AT 'X DETAILS OF GROVE (GROVE BIZE 210×205) CHECKED IN CIRLE BY (SH. DARSAN SINGH ) ( ARUN VAID) JEN. ADDL. CHIEF ENGINEER","**Detail of Operating Plate Form:**
- Dimensions: Not specified
- Equipments: 
  - 15JC 125x50 (Horizontal)
  - 15SC 125x50 (Vertical)
  - Stiffener 50x50x8 (ISA)
  - 12TH. Base Plate
  - 8TH. S. Steel Plate
  - 10TH. Skin Plate
  - 12TH. Bottom Seal Clamp
  - Rubber Seal

**U/S Elevation of Shutter:**
- Dimensions: 1890 x 2166
- Equipments:
  - 16 Anchor Bolts (450 Long)
  - 15A 125x95x12
  - 15A 100x100x10
  - 15JC 125x50 (Horizontal)
  - 15SC 125x50 (Vertical)
  - Stiffener 50x50x8 (ISA)
  - 10TH. Skin Plate
  - 12TH. Base Plate
  - 8TH. S. Steel Plate
  - 12TH. Bottom Seal Clamp
  - Rubber Seal

**Section Elevation at A-A:**
- Dimensions: Not specified
- Equipments:
  - ISA 100x100x10
  - 10TH. Skin Plate
  - 12TH. Bottom Seal Clamp
  - Rubber Seal

**Section Elevation at B-B:**
- Dimensions: Not specified
- Equipments:
  - ISA 100x100x10
  - 10TH. Skin Plate
  - 12TH. Bottom Seal Clamp
  - Rubber Seal

**Details at D-D:**
- Dimensions: Not specified
- Equipments:
  - Not specified

**Details at X:**
- Dimensions: Not specified
- Equipments:
  - Not specified

**Details of Groove:**
- Dimensions: 210 x 205
- Equipments:
  - Not specified

**Designed by:**
- Sh. K. L. Chug (AEN)

**Submitted by:**
- Sh. M. P. JYANI (AEN)

**Drawn by:**
- Sh. R. S. Chouhan (JEN)

**Checked by:**
- Sh. M. P. JYANI (AEN)

**Recommended by:**
- Sh. M. P. JYANI (AEN)

**Traced by:**
- Sh. N. K. Jasrai (S. E. D. J.)

**Accepted by:**
- Sh. P. D. Mahanandani (S. E. S. & I, Circle)
- Anil K. Mittal (SYDIN)
- Sh. Darsan Singh (JEN)
- Arun Vaid (Addl. Chief Engineer)"
